﻿Projects,Type,Status,Priority,Epic,Tasks,Timeline,Engineers,Product Manager,Created,Papers,Property 1,Property 2,Sketch
Convert existing MATLAB code to Python,Epic ⛰️,In Progress,,"https://www.notion.so/Streamline-Animate-function-in-plot-py-d97438a5a04d49508c38a5cf466fcfe8, https://www.notion.so/Make-TDMA-solver-its-own-function-f8f25271b8eb4afcaaf1fd039e146c1d, https://www.notion.so/make-model-parameters-its-own-class-to-pass-to-advance-b113ecc6cfa547679374bc10f2ac4901, https://www.notion.so/Fix-initialization-of-z-to-get-rid-of-nan-and-inf-values-in-U-V-L-Q2-and-Q2L-2733346496da456a87ea3c778e7530ea","https://www.notion.so/Implement-Particle-Tracking-Function-e48a71178e2b44fbb0d8ebecec8fcac0, https://www.notion.so/Implement-Water-Column-Function-34ca06f9210e4165bc854017ba1b77f2, https://www.notion.so/Implement-Main-File-21f518c8476e4c0db2d788dbded9879b, https://www.notion.so/Implement-Parameters-File-4c6a8d75ba10434f9e376fa4061b7a20, https://www.notion.so/Implement-Time-Advancement-Functions-ebc76eb2b5a4424b891d2146a313e574, https://www.notion.so/Implement-Particle-Class-30c7646d48744594a614c9d96030e939",,,,"May 16, 2021 12:21 PM",,,,
Implement Parameters File,Task 🔨,Complete 🙌,,https://www.notion.so/Convert-existing-MATLAB-code-to-Python-828aa00cde8146b99893100abbf490c6,,,,,"May 15, 2021 6:16 PM",,,,
Implement Water Column Function,Task 🔨,Complete 🙌,,https://www.notion.so/Convert-existing-MATLAB-code-to-Python-828aa00cde8146b99893100abbf490c6,,,,,"May 15, 2021 6:17 PM",,,,
Implement Main File,Task 🔨,In Progress,,https://www.notion.so/Convert-existing-MATLAB-code-to-Python-828aa00cde8146b99893100abbf490c6,,,,,"May 15, 2021 6:17 PM",,,,
Read and Study Papers on Landslide-Induced surge waves,Task 🔨,Not Started,,,,,,,"May 15, 2021 5:52 PM",https://www.flow3d.com/3d-modeling-landslide-induced-wave-hazard/,,,https://www.tandfonline.com/doi/pdf/10.1080/19942060.2015.1048620?needAccess=true
Expand to 3D model,Epic ⛰️,Not Started,,,,,,,"May 15, 2021 5:56 PM",,,,
Add wave mechanics and below wave  fluid dynamics,Epic ⛰️,Not Started,,,,,,,"May 15, 2021 5:50 PM",,,,
Implement landslide-induced wave,Epic ⛰️,Not Started,,,,,,,"May 15, 2021 5:50 PM",,,,
Run model and write paper,Epic ⛰️,Not Started,,,,,,,"May 15, 2021 5:58 PM",,,,
(Maybe) Implement 3D models of IRL reservoir from topographical maps/satellite imagery,Epic ⛰️,Not Started,,,,,,,"May 15, 2021 6:12 PM",,,,
Implement Time-Advancement Functions,Task 🔨,In Progress,,https://www.notion.so/Convert-existing-MATLAB-code-to-Python-828aa00cde8146b99893100abbf490c6,,,,,"May 15, 2021 6:16 PM",,,,
Implement Particle-Tracking Function,Task 🔨,Not Started,,https://www.notion.so/Convert-existing-MATLAB-code-to-Python-828aa00cde8146b99893100abbf490c6,,,,,"May 15, 2021 6:16 PM",,,,
Make TDMA solver its own function,Task 🔨,Not Started,,,https://www.notion.so/Convert-existing-MATLAB-code-to-Python-828aa00cde8146b99893100abbf490c6,,,,"May 20, 2021 11:26 AM",,,,
make model parameters its own class to pass to advance,Task 🔨,Not Started,,,https://www.notion.so/Convert-existing-MATLAB-code-to-Python-828aa00cde8146b99893100abbf490c6,,,,"May 21, 2021 10:24 AM",,,,
Streamline Animate function in plot.py,Task 🔨,In Progress,,,https://www.notion.so/Convert-existing-MATLAB-code-to-Python-828aa00cde8146b99893100abbf490c6,,,,"May 20, 2021 12:45 AM",,,,
Implement Particle Gaussian Distribution of Density in Water Column,Task 🔨,Complete 🙌,,,,,,,"May 16, 2021 1:36 PM",,,,
Implement Particle Class,Task 🔨,Complete 🙌,,https://www.notion.so/Convert-existing-MATLAB-code-to-Python-828aa00cde8146b99893100abbf490c6,,,,,"May 15, 2021 6:16 PM",,,,
"Fix initialization of z to get rid of nan and -inf values in U, V, L, Q2 and Q2L",Bug 🐞,Complete 🙌,,,https://www.notion.so/Convert-existing-MATLAB-code-to-Python-828aa00cde8146b99893100abbf490c6,,,,"May 22, 2021 8:17 AM",,,,
Why exactly is the Kluge condition checking for smaller than 1e-06 and not smaller than zero? Aren't we missing out for small but relevant turbulence?,,Comments,,,,,,,"May 22, 2021 10:26 AM",,,,
Make sure in Boundary Conditions that you have bcd (Bot) and abd (Top) for diagonals. A little mistake brings about ridiculously large values and wrong flow.,,Comments,,,,,,,"May 22, 2021 1:35 PM",,,,
"Thinking of the 3D implementation:
Instead of having a full 3D representation of the reservoir, could we have ""layers"" of vertical 2D planes with constant width between them? Could reduce complexity and computation resources. Planes would start from middle to side of reservoir",,Comments,,,,,,,"May 23, 2021 9:37 AM",,,,Sediment%20Transport%20under%20Landslide-Induced%20Surge%20W%20e0b48eeb70b7474e9d38f173cd16d5ac/Sketch1_-_3D_to_2D_columns.jpg